{
  "image_width": 1920,
  "image_height": 1200,
  "camera_matrix": [
    [
      1185.4642375914841,
      0,
      959.81784711601676
    ],
    [
      0,
      1184.2355155330467,
      604.1089685686394
    ],
    [
      0,
      0,
      1
    ]
  ],
  "dist_coeffs": [
    -0.25735007910599622,
    0.12856583326628021,
    0.000151034630851234,
    7.5858309137724159E-5,
    -0.034019292090110759
  ],
  "fx": 1185.4642375914841,
  "fy": 1184.2355155330467,
  "cx": 959.81784711601676,
  "cy": 604.1089685686394,
  "mean_reproj_error": 0.17818797383931786,
  "model": "OPENCV (k1,k2,p1,p2,k3)",
  "note": "MATLAB Computer Vision Toolbox; principal point converted to 0-based (OpenCV)"
}