{
  "image_width": 1920,
  "image_height": 1200,
  "camera_matrix": [
    [
      1183.6046737543966,
      0.0,
      959.799215345326
    ],
    [
      0.0,
      1182.175678815205,
      604.2790828571734
    ],
    [
      0.0,
      0.0,
      1.0
    ]
  ],
  "dist_coeffs": [
    -0.2581151141963009,
    0.12973440213912796,
    0.0001399859942206166,
    -2.0520036706006e-05,
    -0.03467806743147976
  ],
  "fx": 1183.6046737543966,
  "fy": 1182.175678815205,
  "cx": 959.799215345326,
  "cy": 604.2790828571734,
  "rms_reproj_error": 0.5263211449722905,
  "model": "OPENCV (k1,k2,p1,p2[,k3])"
}