{
  "image_width": 1920,
  "image_height": 1200,
  "camera_matrix": [
    [
      1186.4036509320817,
      0.0,
      968.5453263317582
    ],
    [
      0.0,
      1185.0896091066518,
      588.6194345495745
    ],
    [
      0.0,
      0.0,
      1.0
    ]
  ],
  "dist_coeffs": [
    -0.257429874472564,
    0.12689126958866065,
    -0.00021127418638680094,
    -0.00012261744741527485,
    -0.032242581651302823
  ],
  "fx": 1186.4036509320817,
  "fy": 1185.0896091066518,
  "cx": 968.5453263317582,
  "cy": 588.6194345495745,
  "rms_reproj_error": 0.5865339907761664,
  "model": "OPENCV (k1,k2,p1,p2[,k3])"
}