{
  "image_width": 1920,
  "image_height": 1200,
  "camera_matrix": [
    [
      1186.9935240007553,
      0,
      969.91361077047623
    ],
    [
      0,
      1185.5694412053153,
      589.9696628310212
    ],
    [
      0,
      0,
      1
    ]
  ],
  "dist_coeffs": [
    -0.25730575077161078,
    0.12657238808190333,
    2.4499059244199069E-5,
    -0.0001059983918606574,
    -0.032271838352920877
  ],
  "fx": 1186.9935240007553,
  "fy": 1185.5694412053153,
  "cx": 969.91361077047623,
  "cy": 589.9696628310212,
  "mean_reproj_error": 0.21225453672478942,
  "model": "OPENCV (k1,k2,p1,p2,k3)",
  "note": "MATLAB Computer Vision Toolbox; principal point converted to 0-based (OpenCV)"
}