{
  "image_width": 1920,
  "image_height": 1200,
  "camera_matrix": [
    [
      1184.1747045271102,
      0.0,
      956.3541570118691
    ],
    [
      0.0,
      1183.0381350732919,
      604.3445463715695
    ],
    [
      0.0,
      0.0,
      1.0
    ]
  ],
  "dist_coeffs": [
    -0.2599028667398128,
    0.1332641497113947,
    -0.00011168438609132556,
    0.00021526499308833938,
    -0.036872377227603094
  ],
  "fx": 1184.1747045271102,
  "fy": 1183.0381350732919,
  "cx": 956.3541570118691,
  "cy": 604.3445463715695,
  "rms_reproj_error": 0.38709049020067987,
  "model": "OPENCV (k1,k2,p1,p2[,k3])"
}