{
  "image_width": 1920,
  "image_height": 1200,
  "camera_matrix": [
    [
      1184.3871154548519,
      0,
      956.07988630274167
    ],
    [
      0,
      1183.5206402254851,
      603.52990535392655
    ],
    [
      0,
      0,
      1
    ]
  ],
  "dist_coeffs": [
    -0.25808344808157196,
    0.13050205878464086,
    -4.0104333477299087E-5,
    0.00014680213493013404,
    -0.035509675060657234
  ],
  "fx": 1184.3871154548519,
  "fy": 1183.5206402254851,
  "cx": 956.07988630274167,
  "cy": 603.52990535392655,
  "mean_reproj_error": 0.1536390987537383,
  "model": "OPENCV (k1,k2,p1,p2,k3)",
  "note": "MATLAB Computer Vision Toolbox; principal point converted to 0-based (OpenCV)"
}