{
  "cam_1": [
    [
      1.0,
      -0.0,
      0.0,
      2.0447
    ],
    [
      0.0,
      1.0,
      0.0,
      -0.01905
    ],
    [
      0.0,
      0.0,
      1.0,
      0.504825
    ],
    [
      0.0,
      0.0,
      0.0,
      1.0
    ]
  ],
  "cam_2": [
    [
      0.5,
      0.866025,
      0.0,
      1.6637
    ],
    [
      -0.866025,
      0.5,
      0.0,
      -0.733425
    ],
    [
      0.0,
      0.0,
      1.0,
      0.504825
    ],
    [
      0.0,
      0.0,
      0.0,
      1.0
    ]
  ],
  "cam_3": [
    [
      0.5,
      -0.866025,
      0.0,
      1.749425
    ],
    [
      0.866025,
      0.5,
      0.0,
      0.733425
    ],
    [
      0.0,
      0.0,
      1.0,
      0.504825
    ],
    [
      0.0,
      0.0,
      0.0,
      1.0
    ]
  ],
  "cam_4": [
    [
      -0.5,
      0.866025,
      0.0,
      0.587375
    ],
    [
      -0.866025,
      -0.5,
      0.0,
      -0.733425
    ],
    [
      0.0,
      0.0,
      1.0,
      0.504825
    ],
    [
      0.0,
      0.0,
      0.0,
      1.0
    ]
  ],
  "cam_5": [
    [
      -0.5,
      -0.866025,
      0.0,
      0.6223
    ],
    [
      0.866025,
      -0.5,
      0.0,
      0.733425
    ],
    [
      0.0,
      0.0,
      1.0,
      0.504825
    ],
    [
      0.0,
      0.0,
      0.0,
      1.0
    ]
  ],
  "cam_6": [
    [
      -1.0,
      -0.0,
      0.0,
      0.03175
    ],
    [
      0.0,
      -1.0,
      0.0,
      -0.041275
    ],
    [
      0.0,
      0.0,
      1.0,
      0.504825
    ],
    [
      0.0,
      0.0,
      0.0,
      1.0
    ]
  ],
  "lidar": [
    [
      1.0,
      -0.0,
      0.0,
      2.032
    ],
    [
      0.0,
      1.0,
      0.0,
      -0.047625
    ],
    [
      0.0,
      0.0,
      1.0,
      0.588962
    ],
    [
      0.0,
      0.0,
      0.0,
      1.0
    ]
  ],
  "imu_ref": [
    [
      1.0,
      -0.0,
      0.0,
      0.0
    ],
    [
      0.0,
      1.0,
      0.0,
      0.0
    ],
    [
      0.0,
      0.0,
      1.0,
      0.0
    ],
    [
      0.0,
      0.0,
      0.0,
      1.0
    ]
  ]
}