{
  "image_width": 1920,
  "image_height": 1200,
  "camera_matrix": [
    [
      1183.148829595458,
      0.0,
      947.6727718665916
    ],
    [
      0.0,
      1182.2041624226742,
      602.823305009994
    ],
    [
      0.0,
      0.0,
      1.0
    ]
  ],
  "dist_coeffs": [
    -0.2615113762745896,
    0.13599674407096543,
    0.00013784368202082872,
    2.6288659260057708e-05,
    -0.037950177112752316
  ],
  "fx": 1183.148829595458,
  "fy": 1182.2041624226742,
  "cx": 947.6727718665916,
  "cy": 602.823305009994,
  "rms_reproj_error": 0.34140172720536704,
  "model": "OPENCV (k1,k2,p1,p2[,k3])"
}