{
  "image_width": 1920,
  "image_height": 1200,
  "camera_matrix": [
    [
      1183.3425826273212,
      0,
      948.19729052957439
    ],
    [
      0,
      1182.4257004915578,
      602.48781454208586
    ],
    [
      0,
      0,
      1
    ]
  ],
  "dist_coeffs": [
    -0.26159079898709309,
    0.13660371633068916,
    0.00021140092973137806,
    1.1735948075585693E-5,
    -0.038296974087556994
  ],
  "fx": 1183.3425826273212,
  "fy": 1182.4257004915578,
  "cx": 948.19729052957439,
  "cy": 602.48781454208586,
  "mean_reproj_error": 0.21227943536083066,
  "model": "OPENCV (k1,k2,p1,p2,k3)",
  "note": "MATLAB Computer Vision Toolbox; principal point converted to 0-based (OpenCV)"
}