{
  "image_width": 1920,
  "image_height": 1200,
  "camera_matrix": [
    [
      1185.3343845101149,
      0,
      946.97404176323857
    ],
    [
      0,
      1184.8520156690779,
      596.10102731129439
    ],
    [
      0,
      0,
      1
    ]
  ],
  "dist_coeffs": [
    -0.25772834897068303,
    0.12692412734511502,
    -9.21936608169502E-5,
    -8.9514203510369185E-5,
    -0.032445146584554239
  ],
  "fx": 1185.3343845101149,
  "fy": 1184.8520156690779,
  "cx": 946.97404176323857,
  "cy": 596.10102731129439,
  "mean_reproj_error": 0.23332823665834354,
  "model": "OPENCV (k1,k2,p1,p2,k3)",
  "note": "MATLAB Computer Vision Toolbox; principal point converted to 0-based (OpenCV)"
}