{
  "image_width": 1920,
  "image_height": 1200,
  "camera_matrix": [
    [
      1185.0575072005315,
      0.0,
      946.8946549565228
    ],
    [
      0.0,
      1184.6002233224178,
      598.0071960443072
    ],
    [
      0.0,
      0.0,
      1.0
    ]
  ],
  "dist_coeffs": [
    -0.25793780601420097,
    0.1270122534885332,
    -2.9260968418209947e-05,
    -5.396776615347145e-06,
    -0.03250542682474653
  ],
  "fx": 1185.0575072005315,
  "fy": 1184.6002233224178,
  "cx": 946.8946549565228,
  "cy": 598.0071960443072,
  "rms_reproj_error": 0.32940382972870974,
  "model": "OPENCV (k1,k2,p1,p2[,k3])"
}