{
  "image_width": 1920,
  "image_height": 1200,
  "camera_matrix": [
    [
      1183.2790826005732,
      0.0,
      970.5440376549996
    ],
    [
      0.0,
      1182.3764223253556,
      601.1968693883899
    ],
    [
      0.0,
      0.0,
      1.0
    ]
  ],
  "dist_coeffs": [
    -0.2588231880951729,
    0.13042505631268253,
    0.00024714433534318137,
    0.00019244334488720556,
    -0.03473036206815678
  ],
  "fx": 1183.2790826005732,
  "fy": 1182.3764223253556,
  "cx": 970.5440376549996,
  "cy": 601.1968693883899,
  "rms_reproj_error": 0.3040571529627042,
  "model": "OPENCV (k1,k2,p1,p2[,k3])"
}