{
  "image_width": 1920,
  "image_height": 1200,
  "camera_matrix": [
    [
      1184.6476740928483,
      0,
      971.89481225881377
    ],
    [
      0,
      1183.831089479278,
      599.82270901788456
    ],
    [
      0,
      0,
      1
    ]
  ],
  "dist_coeffs": [
    -0.259773119292931,
    0.1327504786988436,
    0.00027568239622602754,
    0.00015134565242591339,
    -0.036089537305915714
  ],
  "fx": 1184.6476740928483,
  "fy": 1183.831089479278,
  "cx": 971.89481225881377,
  "cy": 599.82270901788456,
  "mean_reproj_error": 0.16361460892837071,
  "model": "OPENCV (k1,k2,p1,p2,k3)",
  "note": "MATLAB Computer Vision Toolbox; principal point converted to 0-based (OpenCV)"
}